
{
  "header": {
    "reportVersion": 2,
    "event": "Allocation failed - JavaScript heap out of memory",
    "trigger": "FatalError",
    "filename": "report.20210429.153537.1724.0.001.json",
    "dumpEventTime": "2021-04-29T15:35:37Z",
    "dumpEventTimeStamp": "1619685337566",
    "processId": 1724,
    "threadId": null,
    "cwd": "/Users/tuyentran/Desktop/Advesa Work/EPDentalLanding/app/public/wp-content/plugins/EP-multi-step-form-for-apply",
    "commandLine": [
      "node",
      "/Users/tuyentran/Desktop/Advesa Work/EPDentalLanding/app/public/wp-content/plugins/EP-multi-step-form-for-apply/node_modules/.bin/gulp",
      "default"
    ],
    "nodejsVersion": "v12.16.2",
    "wordSize": 64,
    "arch": "x64",
    "platform": "darwin",
    "componentVersions": {
      "node": "12.16.2",
      "v8": "7.8.279.23-node.34",
      "uv": "1.34.2",
      "zlib": "1.2.11",
      "brotli": "1.0.7",
      "ares": "1.15.0",
      "modules": "72",
      "nghttp2": "1.40.0",
      "napi": "5",
      "llhttp": "2.0.4",
      "http_parser": "2.9.3",
      "openssl": "1.1.1e",
      "cldr": "36.0",
      "icu": "65.1",
      "tz": "2019c",
      "unicode": "12.1"
    },
    "release": {
      "name": "node",
      "lts": "Erbium",
      "headersUrl": "https://nodejs.org/download/release/v12.16.2/node-v12.16.2-headers.tar.gz",
      "sourceUrl": "https://nodejs.org/download/release/v12.16.2/node-v12.16.2.tar.gz"
    },
    "osName": "Darwin",
    "osRelease": "20.4.0",
    "osVersion": "Darwin Kernel Version 20.4.0: Fri Mar  5 01:14:14 PST 2021; root:xnu-7195.101.1~3/RELEASE_X86_64",
    "osMachine": "x86_64",
    "cpus": [
      {
        "model": "Intel(R) Core(TM) i7-8700B CPU @ 3.20GHz",
        "speed": 3200,
        "user": 620120,
        "nice": 0,
        "sys": 416850,
        "idle": 2301810,
        "irq": 0
      },
      {
        "model": "Intel(R) Core(TM) i7-8700B CPU @ 3.20GHz",
        "speed": 3200,
        "user": 26410,
        "nice": 0,
        "sys": 25430,
        "idle": 3286490,
        "irq": 0
      },
      {
        "model": "Intel(R) Core(TM) i7-8700B CPU @ 3.20GHz",
        "speed": 3200,
        "user": 533260,
        "nice": 0,
        "sys": 337640,
        "idle": 2467430,
        "irq": 0
      },
      {
        "model": "Intel(R) Core(TM) i7-8700B CPU @ 3.20GHz",
        "speed": 3200,
        "user": 27600,
        "nice": 0,
        "sys": 24140,
        "idle": 3286600,
        "irq": 0
      },
      {
        "model": "Intel(R) Core(TM) i7-8700B CPU @ 3.20GHz",
        "speed": 3200,
        "user": 468610,
        "nice": 0,
        "sys": 269980,
        "idle": 2599750,
        "irq": 0
      },
      {
        "model": "Intel(R) Core(TM) i7-8700B CPU @ 3.20GHz",
        "speed": 3200,
        "user": 28880,
        "nice": 0,
        "sys": 22800,
        "idle": 3286650,
        "irq": 0
      },
      {
        "model": "Intel(R) Core(TM) i7-8700B CPU @ 3.20GHz",
        "speed": 3200,
        "user": 429130,
        "nice": 0,
        "sys": 237400,
        "idle": 2671800,
        "irq": 0
      },
      {
        "model": "Intel(R) Core(TM) i7-8700B CPU @ 3.20GHz",
        "speed": 3200,
        "user": 30270,
        "nice": 0,
        "sys": 21700,
        "idle": 3286360,
        "irq": 0
      },
      {
        "model": "Intel(R) Core(TM) i7-8700B CPU @ 3.20GHz",
        "speed": 3200,
        "user": 389190,
        "nice": 0,
        "sys": 202290,
        "idle": 2746850,
        "irq": 0
      },
      {
        "model": "Intel(R) Core(TM) i7-8700B CPU @ 3.20GHz",
        "speed": 3200,
        "user": 31560,
        "nice": 0,
        "sys": 20500,
        "idle": 3286270,
        "irq": 0
      },
      {
        "model": "Intel(R) Core(TM) i7-8700B CPU @ 3.20GHz",
        "speed": 3200,
        "user": 340380,
        "nice": 0,
        "sys": 160830,
        "idle": 2837130,
        "irq": 0
      },
      {
        "model": "Intel(R) Core(TM) i7-8700B CPU @ 3.20GHz",
        "speed": 3200,
        "user": 33190,
        "nice": 0,
        "sys": 19660,
        "idle": 3285480,
        "irq": 0
      }
    ],
    "networkInterfaces": [
      {
        "name": "lo0",
        "internal": true,
        "mac": "00:00:00:00:00:00",
        "address": "127.0.0.1",
        "netmask": "255.0.0.0",
        "family": "IPv4"
      },
      {
        "name": "lo0",
        "internal": true,
        "mac": "00:00:00:00:00:00",
        "address": "::1",
        "netmask": "ffff:ffff:ffff:ffff:ffff:ffff:ffff:ffff",
        "family": "IPv6",
        "scopeid": 0
      },
      {
        "name": "lo0",
        "internal": true,
        "mac": "00:00:00:00:00:00",
        "address": "fe80::1",
        "netmask": "ffff:ffff:ffff:ffff::",
        "family": "IPv6",
        "scopeid": 1
      },
      {
        "name": "en0",
        "internal": false,
        "mac": "f0:18:98:f1:6f:10",
        "address": "fe80::18cd:45b3:1a07:2fa7",
        "netmask": "ffff:ffff:ffff:ffff::",
        "family": "IPv6",
        "scopeid": 5
      },
      {
        "name": "en0",
        "internal": false,
        "mac": "f0:18:98:f1:6f:10",
        "address": "192.168.1.37",
        "netmask": "255.255.255.0",
        "family": "IPv4"
      },
      {
        "name": "en6",
        "internal": false,
        "mac": "ac:de:48:00:11:22",
        "address": "fe80::aede:48ff:fe00:1122",
        "netmask": "ffff:ffff:ffff:ffff::",
        "family": "IPv6",
        "scopeid": 6
      },
      {
        "name": "en1",
        "internal": false,
        "mac": "f8:ff:c2:09:55:a8",
        "address": "fe80::1893:49b8:c4af:a30b",
        "netmask": "ffff:ffff:ffff:ffff::",
        "family": "IPv6",
        "scopeid": 7
      },
      {
        "name": "en1",
        "internal": false,
        "mac": "f8:ff:c2:09:55:a8",
        "address": "192.168.1.64",
        "netmask": "255.255.255.0",
        "family": "IPv4"
      },
      {
        "name": "awdl0",
        "internal": false,
        "mac": "2e:f8:ed:7e:db:f8",
        "address": "fe80::2cf8:edff:fe7e:dbf8",
        "netmask": "ffff:ffff:ffff:ffff::",
        "family": "IPv6",
        "scopeid": 14
      },
      {
        "name": "llw0",
        "internal": false,
        "mac": "2e:f8:ed:7e:db:f8",
        "address": "fe80::2cf8:edff:fe7e:dbf8",
        "netmask": "ffff:ffff:ffff:ffff::",
        "family": "IPv6",
        "scopeid": 15
      },
      {
        "name": "utun0",
        "internal": false,
        "mac": "00:00:00:00:00:00",
        "address": "fe80::8791:43d5:59ad:4634",
        "netmask": "ffff:ffff:ffff:ffff::",
        "family": "IPv6",
        "scopeid": 16
      },
      {
        "name": "utun1",
        "internal": false,
        "mac": "00:00:00:00:00:00",
        "address": "fe80::b75b:a377:4617:2e3d",
        "netmask": "ffff:ffff:ffff:ffff::",
        "family": "IPv6",
        "scopeid": 17
      }
    ],
    "host": "Tuyens-Mac-mini.local"
  },
  "javascriptStack": {
    "message": "No stack.",
    "stack": [
      "Unavailable."
    ]
  },
  "nativeStack": [
    {
      "pc": "0x00000001001636d3",
      "symbol": "report::TriggerNodeReport(v8::Isolate*, node::Environment*, char const*, char const*, std::__1::basic_string<char, std::__1::char_traits<char>, std::__1::allocator<char> > const&, v8::Local<v8::String>) [/usr/local/bin/node]"
    },
    {
      "pc": "0x0000000100084d5a",
      "symbol": "node::OnFatalError(char const*, char const*) [/usr/local/bin/node]"
    },
    {
      "pc": "0x0000000100186477",
      "symbol": "v8::Utils::ReportOOMFailure(v8::internal::Isolate*, char const*, bool) [/usr/local/bin/node]"
    },
    {
      "pc": "0x0000000100186417",
      "symbol": "v8::internal::V8::FatalProcessOutOfMemory(v8::internal::Isolate*, char const*, bool) [/usr/local/bin/node]"
    },
    {
      "pc": "0x00000001003141c5",
      "symbol": "v8::internal::Heap::FatalProcessOutOfMemory(char const*) [/usr/local/bin/node]"
    },
    {
      "pc": "0x0000000100315a3a",
      "symbol": "v8::internal::Heap::RecomputeLimits(v8::internal::GarbageCollector) [/usr/local/bin/node]"
    },
    {
      "pc": "0x000000010031246c",
      "symbol": "v8::internal::Heap::PerformGarbageCollection(v8::internal::GarbageCollector, v8::GCCallbackFlags) [/usr/local/bin/node]"
    },
    {
      "pc": "0x000000010031026e",
      "symbol": "v8::internal::Heap::CollectGarbage(v8::internal::AllocationSpace, v8::internal::GarbageCollectionReason, v8::GCCallbackFlags) [/usr/local/bin/node]"
    },
    {
      "pc": "0x000000010031c13a",
      "symbol": "v8::internal::Heap::AllocateRawWithLightRetry(int, v8::internal::AllocationType, v8::internal::AllocationOrigin, v8::internal::AllocationAlignment) [/usr/local/bin/node]"
    },
    {
      "pc": "0x000000010031c1c1",
      "symbol": "v8::internal::Heap::AllocateRawWithRetryOrFail(int, v8::internal::AllocationType, v8::internal::AllocationOrigin, v8::internal::AllocationAlignment) [/usr/local/bin/node]"
    },
    {
      "pc": "0x00000001002e9dfa",
      "symbol": "v8::internal::Factory::NewFillerObject(int, bool, v8::internal::AllocationType, v8::internal::AllocationOrigin) [/usr/local/bin/node]"
    },
    {
      "pc": "0x000000010063f028",
      "symbol": "v8::internal::Runtime_AllocateInYoungGeneration(int, unsigned long*, v8::internal::Isolate*) [/usr/local/bin/node]"
    },
    {
      "pc": "0x000000010097d5b9",
      "symbol": "Builtins_CEntry_Return1_DontSaveFPRegs_ArgvOnStack_NoBuiltinExit [/usr/local/bin/node]"
    },
    {
      "pc": "0x00000001008fec31",
      "symbol": "Builtins_FastNewObject [/usr/local/bin/node]"
    }
  ],
  "javascriptHeap": {
    "totalMemory": 2178387968,
    "totalCommittedMemory": 2152157344,
    "usedMemory": 2134098008,
    "availableMemory": 55426888,
    "memoryLimit": 2197815296,
    "heapSpaces": {
      "read_only_space": {
        "memorySize": 262144,
        "committedMemory": 33088,
        "capacity": 32808,
        "used": 32808,
        "available": 0
      },
      "new_space": {
        "memorySize": 33554432,
        "committedMemory": 8327480,
        "capacity": 16759296,
        "used": 370984,
        "available": 16388312
      },
      "old_space": {
        "memorySize": 1928470528,
        "committedMemory": 1927958088,
        "capacity": 1924280376,
        "used": 1921428424,
        "available": 2851952
      },
      "code_space": {
        "memorySize": 11702272,
        "committedMemory": 11440416,
        "capacity": 10430720,
        "used": 10430720,
        "available": 0
      },
      "map_space": {
        "memorySize": 2887680,
        "committedMemory": 2887360,
        "capacity": 1051520,
        "used": 1051520,
        "available": 0
      },
      "large_object_space": {
        "memorySize": 201461760,
        "committedMemory": 201461760,
        "capacity": 200780768,
        "used": 200780768,
        "available": 0
      },
      "code_large_object_space": {
        "memorySize": 49152,
        "committedMemory": 49152,
        "capacity": 2784,
        "used": 2784,
        "available": 0
      },
      "new_large_object_space": {
        "memorySize": 0,
        "committedMemory": 0,
        "capacity": 16759296,
        "used": 0,
        "available": 16759296
      }
    }
  },
  "resourceUsage": {
    "userCpuSeconds": 327.032,
    "kernelCpuSeconds": 11.7441,
    "cpuConsumptionPercent": 13.3062,
    "maxRss": 2332058189824,
    "pageFaults": {
      "IORequired": 313,
      "IONotRequired": 2828594
    },
    "fsActivity": {
      "reads": 0,
      "writes": 0
    }
  },
  "libuv": [
  ],
  "workers": [
  ],
  "environmentVariables": {
    "TERM_PROGRAM": "vscode",
    "NODE": "/usr/local/bin/node",
    "INIT_CWD": "/Users/tuyentran/Desktop/Advesa Work/EPDentalLanding/app/public/wp-content/plugins/EP-multi-step-form-for-apply",
    "SHELL": "/bin/sh",
    "TERM": "xterm-256color",
    "npm_config_metrics_registry": "https://registry.npmjs.org/",
    "TMPDIR": "/var/folders/cy/_x36n7t566ld6ct03dlfzqzw0000gn/T/",
    "TERM_PROGRAM_VERSION": "1.44.2",
    "COLOR": "1",
    "USER": "tuyentran",
    "COMMAND_MODE": "unix2003",
    "npm_config_globalconfig": "/usr/local/etc/npmrc",
    "SSH_AUTH_SOCK": "/private/tmp/com.apple.launchd.M40Yzs7bv0/Listeners",
    "__CF_USER_TEXT_ENCODING": "0x1F5:0x0:0x0",
    "npm_execpath": "/usr/local/lib/node_modules/npm/bin/npm-cli.js",
    "npm_config_init.module": "/Users/tuyentran/.npm-init.js",
    "PATH": "/Users/tuyentran/Desktop/Advesa Work/EPDentalLanding/app/public/wp-content/plugins/EP-multi-step-form-for-apply/node_modules/.bin:/Users/tuyentran/Desktop/Advesa Work/EPDentalLanding/app/public/wp-content/plugins/node_modules/.bin:/Users/tuyentran/Desktop/Advesa Work/EPDentalLanding/app/public/wp-content/node_modules/.bin:/Users/tuyentran/Desktop/Advesa Work/EPDentalLanding/app/public/node_modules/.bin:/Users/tuyentran/Desktop/Advesa Work/EPDentalLanding/app/node_modules/.bin:/Users/tuyentran/Desktop/Advesa Work/EPDentalLanding/node_modules/.bin:/Users/tuyentran/Desktop/Advesa Work/node_modules/.bin:/Users/tuyentran/Desktop/node_modules/.bin:/Users/tuyentran/node_modules/.bin:/Users/node_modules/.bin:/node_modules/.bin:/usr/local/lib/node_modules/npm/node_modules/@npmcli/run-script/lib/node-gyp-bin:/usr/local/bin:/usr/bin:/bin:/usr/sbin:/sbin:/Library/Apple/usr/bin",
    "npm_package_json": "/Users/tuyentran/Desktop/Advesa Work/EPDentalLanding/app/public/wp-content/plugins/EP-multi-step-form-for-apply/package.json",
    "_": "/Users/tuyentran/Desktop/Advesa Work/EPDentalLanding/app/public/wp-content/plugins/EP-multi-step-form-for-apply/node_modules/.bin/gulp",
    "LaunchInstanceID": "9A0059B6-8426-4898-BF05-1040F23B5FB6",
    "npm_config_userconfig": "/Users/tuyentran/.npmrc",
    "npm_config_init_module": "/Users/tuyentran/.npm-init.js",
    "__CFBundleIdentifier": "com.microsoft.VSCode",
    "npm_command": "start",
    "PWD": "/Users/tuyentran/Desktop/Advesa Work/EPDentalLanding/app/public/wp-content/plugins/EP-multi-step-form-for-apply",
    "npm_lifecycle_event": "start",
    "EDITOR": "vi",
    "npm_package_name": "multi-step-form",
    "LANG": "en_US.UTF-8",
    "XPC_FLAGS": "0x0",
    "npm_config_node_gyp": "/usr/local/lib/node_modules/npm/node_modules/node-gyp/bin/node-gyp.js",
    "XPC_SERVICE_NAME": "0",
    "HOME": "/Users/tuyentran",
    "SHLVL": "3",
    "npm_config_cache": "/Users/tuyentran/.npm",
    "LOGNAME": "tuyentran",
    "npm_lifecycle_script": "gulp default",
    "npm_config_user_agent": "npm/7.6.2 node/v12.16.2 darwin x64",
    "SECURITYSESSIONID": "186ab",
    "npm_node_execpath": "/usr/local/bin/node",
    "npm_config_prefix": "/usr/local",
    "COLORTERM": "truecolor"
  },
  "userLimits": {
    "core_file_size_blocks": {
      "soft": 0,
      "hard": "unlimited"
    },
    "data_seg_size_kbytes": {
      "soft": "unlimited",
      "hard": "unlimited"
    },
    "file_size_blocks": {
      "soft": "unlimited",
      "hard": "unlimited"
    },
    "max_locked_memory_bytes": {
      "soft": "unlimited",
      "hard": "unlimited"
    },
    "max_memory_size_kbytes": {
      "soft": "unlimited",
      "hard": "unlimited"
    },
    "open_files": {
      "soft": 1048575,
      "hard": "unlimited"
    },
    "stack_size_bytes": {
      "soft": 8388608,
      "hard": 67104768
    },
    "cpu_time_seconds": {
      "soft": "unlimited",
      "hard": "unlimited"
    },
    "max_user_processes": {
      "soft": 2784,
      "hard": 4176
    },
    "virtual_memory_kbytes": {
      "soft": "unlimited",
      "hard": "unlimited"
    }
  },
  "sharedObjects": [
    "/usr/local/bin/node",
    "/System/Library/Frameworks/CoreFoundation.framework/Versions/A/CoreFoundation",
    "/usr/lib/libSystem.B.dylib",
    "/usr/lib/libc++.1.dylib",
    "/usr/lib/libobjc.A.dylib",
    "/usr/lib/liboah.dylib",
    "/usr/lib/libfakelink.dylib",
    "/usr/lib/libicucore.A.dylib",
    "/System/Library/PrivateFrameworks/SoftLinking.framework/Versions/A/SoftLinking",
    "/usr/lib/libc++abi.dylib",
    "/usr/lib/system/libcache.dylib",
    "/usr/lib/system/libcommonCrypto.dylib",
    "/usr/lib/system/libcompiler_rt.dylib",
    "/usr/lib/system/libcopyfile.dylib",
    "/usr/lib/system/libcorecrypto.dylib",
    "/usr/lib/system/libdispatch.dylib",
    "/usr/lib/system/libdyld.dylib",
    "/usr/lib/system/libkeymgr.dylib",
    "/usr/lib/system/liblaunch.dylib",
    "/usr/lib/system/libmacho.dylib",
    "/usr/lib/system/libquarantine.dylib",
    "/usr/lib/system/libremovefile.dylib",
    "/usr/lib/system/libsystem_asl.dylib",
    "/usr/lib/system/libsystem_blocks.dylib",
    "/usr/lib/system/libsystem_c.dylib",
    "/usr/lib/system/libsystem_collections.dylib",
    "/usr/lib/system/libsystem_configuration.dylib",
    "/usr/lib/system/libsystem_containermanager.dylib",
    "/usr/lib/system/libsystem_coreservices.dylib",
    "/usr/lib/system/libsystem_darwin.dylib",
    "/usr/lib/system/libsystem_dnssd.dylib",
    "/usr/lib/system/libsystem_featureflags.dylib",
    "/usr/lib/system/libsystem_info.dylib",
    "/usr/lib/system/libsystem_m.dylib",
    "/usr/lib/system/libsystem_malloc.dylib",
    "/usr/lib/system/libsystem_networkextension.dylib",
    "/usr/lib/system/libsystem_notify.dylib",
    "/usr/lib/system/libsystem_product_info_filter.dylib",
    "/usr/lib/system/libsystem_sandbox.dylib",
    "/usr/lib/system/libsystem_secinit.dylib",
    "/usr/lib/system/libsystem_kernel.dylib",
    "/usr/lib/system/libsystem_platform.dylib",
    "/usr/lib/system/libsystem_pthread.dylib",
    "/usr/lib/system/libsystem_symptoms.dylib",
    "/usr/lib/system/libsystem_trace.dylib",
    "/usr/lib/system/libunwind.dylib",
    "/usr/lib/system/libxpc.dylib",
    "/System/Library/Frameworks/ApplicationServices.framework/Versions/A/ApplicationServices",
    "/System/Library/Frameworks/CoreGraphics.framework/Versions/A/CoreGraphics",
    "/System/Library/Frameworks/CoreText.framework/Versions/A/CoreText",
    "/System/Library/Frameworks/ImageIO.framework/Versions/A/ImageIO",
    "/System/Library/Frameworks/ColorSync.framework/Versions/A/ColorSync",
    "/System/Library/Frameworks/ApplicationServices.framework/Versions/A/Frameworks/ATS.framework/Versions/A/ATS",
    "/System/Library/Frameworks/ApplicationServices.framework/Versions/A/Frameworks/ColorSyncLegacy.framework/Versions/A/ColorSyncLegacy",
    "/System/Library/Frameworks/CoreServices.framework/Versions/A/CoreServices",
    "/System/Library/Frameworks/ApplicationServices.framework/Versions/A/Frameworks/HIServices.framework/Versions/A/HIServices",
    "/System/Library/Frameworks/ApplicationServices.framework/Versions/A/Frameworks/LangAnalysis.framework/Versions/A/LangAnalysis",
    "/System/Library/Frameworks/ApplicationServices.framework/Versions/A/Frameworks/PrintCore.framework/Versions/A/PrintCore",
    "/System/Library/Frameworks/ApplicationServices.framework/Versions/A/Frameworks/QD.framework/Versions/A/QD",
    "/System/Library/Frameworks/ApplicationServices.framework/Versions/A/Frameworks/SpeechSynthesis.framework/Versions/A/SpeechSynthesis",
    "/System/Library/PrivateFrameworks/SkyLight.framework/Versions/A/SkyLight",
    "/System/Library/PrivateFrameworks/FontServices.framework/libFontParser.dylib",
    "/System/Library/Frameworks/Accelerate.framework/Versions/A/Accelerate",
    "/System/Library/Frameworks/IOSurface.framework/Versions/A/IOSurface",
    "/usr/lib/libxml2.2.dylib",
    "/System/Library/Frameworks/CFNetwork.framework/Versions/A/CFNetwork",
    "/usr/lib/libz.1.dylib",
    "/System/Library/Frameworks/Foundation.framework/Versions/C/Foundation",
    "/System/Library/PrivateFrameworks/RunningBoardServices.framework/Versions/A/RunningBoardServices",
    "/usr/lib/libMobileGestalt.dylib",
    "/System/Library/PrivateFrameworks/WatchdogClient.framework/Versions/A/WatchdogClient",
    "/usr/lib/libcompression.dylib",
    "/usr/lib/libDiagnosticMessagesClient.dylib",
    "/System/Library/Frameworks/SystemConfiguration.framework/Versions/A/SystemConfiguration",
    "/System/Library/Frameworks/CoreDisplay.framework/Versions/A/CoreDisplay",
    "/System/Library/Frameworks/CoreMedia.framework/Versions/A/CoreMedia",
    "/System/Library/PrivateFrameworks/IOAccelerator.framework/Versions/A/IOAccelerator",
    "/System/Library/Frameworks/IOKit.framework/Versions/A/IOKit",
    "/System/Library/Frameworks/Metal.framework/Versions/A/Metal",
    "/System/Library/Frameworks/CoreVideo.framework/Versions/A/CoreVideo",
    "/System/Library/Frameworks/MetalPerformanceShaders.framework/Versions/A/MetalPerformanceShaders",
    "/System/Library/PrivateFrameworks/MultitouchSupport.framework/Versions/A/MultitouchSupport",
    "/System/Library/Frameworks/Security.framework/Versions/A/Security",
    "/System/Library/Frameworks/QuartzCore.framework/Versions/A/QuartzCore",
    "/usr/lib/libbsm.0.dylib",
    "/System/Library/PrivateFrameworks/CoreAnalytics.framework/Versions/A/CoreAnalytics",
    "/System/Library/Frameworks/VideoToolbox.framework/Versions/A/VideoToolbox",
    "/System/Library/PrivateFrameworks/BaseBoard.framework/Versions/A/BaseBoard",
    "/System/Library/Frameworks/CoreServices.framework/Versions/A/Frameworks/FSEvents.framework/Versions/A/FSEvents",
    "/System/Library/Frameworks/CoreServices.framework/Versions/A/Frameworks/CarbonCore.framework/Versions/A/CarbonCore",
    "/System/Library/Frameworks/CoreServices.framework/Versions/A/Frameworks/Metadata.framework/Versions/A/Metadata",
    "/System/Library/Frameworks/CoreServices.framework/Versions/A/Frameworks/OSServices.framework/Versions/A/OSServices",
    "/System/Library/Frameworks/CoreServices.framework/Versions/A/Frameworks/SearchKit.framework/Versions/A/SearchKit",
    "/System/Library/Frameworks/CoreServices.framework/Versions/A/Frameworks/AE.framework/Versions/A/AE",
    "/System/Library/Frameworks/CoreServices.framework/Versions/A/Frameworks/LaunchServices.framework/Versions/A/LaunchServices",
    "/System/Library/Frameworks/CoreServices.framework/Versions/A/Frameworks/DictionaryServices.framework/Versions/A/DictionaryServices",
    "/System/Library/Frameworks/CoreServices.framework/Versions/A/Frameworks/SharedFileList.framework/Versions/A/SharedFileList",
    "/usr/lib/libapple_nghttp2.dylib",
    "/usr/lib/libnetwork.dylib",
    "/usr/lib/libsqlite3.dylib",
    "/usr/lib/libenergytrace.dylib",
    "/usr/lib/system/libkxld.dylib",
    "/System/Library/PrivateFrameworks/AppleFSCompression.framework/Versions/A/AppleFSCompression",
    "/usr/lib/libcoretls.dylib",
    "/usr/lib/libcoretls_cfhelpers.dylib",
    "/usr/lib/libpam.2.dylib",
    "/usr/lib/libxar.1.dylib",
    "/System/Library/PrivateFrameworks/CoreAutoLayout.framework/Versions/A/CoreAutoLayout",
    "/System/Library/Frameworks/DiskArbitration.framework/Versions/A/DiskArbitration",
    "/usr/lib/libarchive.2.dylib",
    "/usr/lib/liblangid.dylib",
    "/usr/lib/libCRFSuite.dylib",
    "/usr/lib/libpcap.A.dylib",
    "/usr/lib/libdns_services.dylib",
    "/usr/lib/liblzma.5.dylib",
    "/usr/lib/libbz2.1.0.dylib",
    "/usr/lib/libiconv.2.dylib",
    "/usr/lib/libcharset.1.dylib",
    "/System/Library/PrivateFrameworks/AppleSystemInfo.framework/Versions/A/AppleSystemInfo",
    "/System/Library/PrivateFrameworks/IOMobileFramebuffer.framework/Versions/A/IOMobileFramebuffer",
    "/usr/lib/libCheckFix.dylib",
    "/System/Library/PrivateFrameworks/TCC.framework/Versions/A/TCC",
    "/System/Library/PrivateFrameworks/CoreNLP.framework/Versions/A/CoreNLP",
    "/System/Library/PrivateFrameworks/MetadataUtilities.framework/Versions/A/MetadataUtilities",
    "/usr/lib/libmecabra.dylib",
    "/System/Library/Frameworks/MLCompute.framework/Versions/A/MLCompute",
    "/usr/lib/libmecab.dylib",
    "/usr/lib/libgermantok.dylib",
    "/usr/lib/libThaiTokenizer.dylib",
    "/usr/lib/libChineseTokenizer.dylib",
    "/System/Library/Frameworks/Accelerate.framework/Versions/A/Frameworks/vImage.framework/Versions/A/vImage",
    "/System/Library/Frameworks/Accelerate.framework/Versions/A/Frameworks/vecLib.framework/Versions/A/vecLib",
    "/System/Library/Frameworks/Accelerate.framework/Versions/A/Frameworks/vecLib.framework/Versions/A/libvMisc.dylib",
    "/System/Library/Frameworks/Accelerate.framework/Versions/A/Frameworks/vecLib.framework/Versions/A/libvDSP.dylib",
    "/System/Library/Frameworks/Accelerate.framework/Versions/A/Frameworks/vecLib.framework/Versions/A/libBLAS.dylib",
    "/System/Library/Frameworks/Accelerate.framework/Versions/A/Frameworks/vecLib.framework/Versions/A/libLAPACK.dylib",
    "/System/Library/Frameworks/Accelerate.framework/Versions/A/Frameworks/vecLib.framework/Versions/A/libLinearAlgebra.dylib",
    "/System/Library/Frameworks/Accelerate.framework/Versions/A/Frameworks/vecLib.framework/Versions/A/libSparseBLAS.dylib",
    "/System/Library/Frameworks/Accelerate.framework/Versions/A/Frameworks/vecLib.framework/Versions/A/libQuadrature.dylib",
    "/System/Library/Frameworks/Accelerate.framework/Versions/A/Frameworks/vecLib.framework/Versions/A/libBNNS.dylib",
    "/System/Library/Frameworks/Accelerate.framework/Versions/A/Frameworks/vecLib.framework/Versions/A/libSparse.dylib",
    "/System/Library/Frameworks/MetalPerformanceShaders.framework/Versions/A/Frameworks/MPSCore.framework/Versions/A/MPSCore",
    "/System/Library/Frameworks/MetalPerformanceShaders.framework/Versions/A/Frameworks/MPSImage.framework/Versions/A/MPSImage",
    "/System/Library/Frameworks/MetalPerformanceShaders.framework/Versions/A/Frameworks/MPSNeuralNetwork.framework/Versions/A/MPSNeuralNetwork",
    "/System/Library/Frameworks/MetalPerformanceShaders.framework/Versions/A/Frameworks/MPSMatrix.framework/Versions/A/MPSMatrix",
    "/System/Library/Frameworks/MetalPerformanceShaders.framework/Versions/A/Frameworks/MPSRayIntersector.framework/Versions/A/MPSRayIntersector",
    "/System/Library/Frameworks/MetalPerformanceShaders.framework/Versions/A/Frameworks/MPSNDArray.framework/Versions/A/MPSNDArray",
    "/System/Library/PrivateFrameworks/MetalTools.framework/Versions/A/MetalTools",
    "/System/Library/PrivateFrameworks/AggregateDictionary.framework/Versions/A/AggregateDictionary",
    "/System/Library/PrivateFrameworks/AppleSauce.framework/Versions/A/AppleSauce",
    "/System/Library/Frameworks/OpenGL.framework/Versions/A/Libraries/libCoreFSCache.dylib",
    "/System/Library/PrivateFrameworks/LanguageModeling.framework/Versions/A/LanguageModeling",
    "/System/Library/PrivateFrameworks/CoreEmoji.framework/Versions/A/CoreEmoji",
    "/System/Library/PrivateFrameworks/LinguisticData.framework/Versions/A/LinguisticData",
    "/System/Library/PrivateFrameworks/Lexicon.framework/Versions/A/Lexicon",
    "/usr/lib/libcmph.dylib",
    "/System/Library/Frameworks/OpenDirectory.framework/Versions/A/Frameworks/CFOpenDirectory.framework/Versions/A/CFOpenDirectory",
    "/System/Library/Frameworks/OpenDirectory.framework/Versions/A/OpenDirectory",
    "/System/Library/PrivateFrameworks/APFS.framework/Versions/A/APFS",
    "/System/Library/Frameworks/SecurityFoundation.framework/Versions/A/SecurityFoundation",
    "/usr/lib/libutil.dylib",
    "/usr/lib/libapp_launch_measurement.dylib",
    "/System/Library/PrivateFrameworks/CoreServicesStore.framework/Versions/A/CoreServicesStore",
    "/System/Library/Frameworks/ServiceManagement.framework/Versions/A/ServiceManagement",
    "/usr/lib/libxslt.1.dylib",
    "/System/Library/PrivateFrameworks/BackgroundTaskManagement.framework/Versions/A/BackgroundTaskManagement",
    "/System/Library/PrivateFrameworks/PersistentConnection.framework/Versions/A/PersistentConnection",
    "/System/Library/PrivateFrameworks/ProtocolBuffer.framework/Versions/A/ProtocolBuffer",
    "/System/Library/PrivateFrameworks/CommonUtilities.framework/Versions/A/CommonUtilities",
    "/System/Library/PrivateFrameworks/Bom.framework/Versions/A/Bom",
    "/usr/lib/libate.dylib",
    "/System/Library/Frameworks/ImageIO.framework/Versions/A/Resources/libRadiance.dylib",
    "/System/Library/Frameworks/ImageIO.framework/Versions/A/Resources/libJPEG.dylib",
    "/System/Library/Frameworks/ImageIO.framework/Versions/A/Resources/libPng.dylib",
    "/System/Library/Frameworks/ImageIO.framework/Versions/A/Resources/libTIFF.dylib",
    "/System/Library/Frameworks/ImageIO.framework/Versions/A/Resources/libGIF.dylib",
    "/System/Library/Frameworks/ImageIO.framework/Versions/A/Resources/libJP2.dylib",
    "/usr/lib/libexpat.1.dylib",
    "/System/Library/PrivateFrameworks/AppleJPEG.framework/Versions/A/AppleJPEG",
    "/System/Library/PrivateFrameworks/GPUWrangler.framework/Versions/A/GPUWrangler",
    "/System/Library/PrivateFrameworks/IOPresentment.framework/Versions/A/IOPresentment",
    "/System/Library/PrivateFrameworks/DSExternalDisplay.framework/Versions/A/DSExternalDisplay",
    "/System/Library/PrivateFrameworks/CMCaptureCore.framework/Versions/A/CMCaptureCore",
    "/usr/lib/libspindump.dylib",
    "/System/Library/Frameworks/CoreAudio.framework/Versions/A/CoreAudio",
    "/System/Library/PrivateFrameworks/AppServerSupport.framework/Versions/A/AppServerSupport",
    "/System/Library/PrivateFrameworks/perfdata.framework/Versions/A/perfdata",
    "/System/Library/PrivateFrameworks/AssertionServices.framework/Versions/A/AssertionServices",
    "/System/Library/PrivateFrameworks/AudioToolboxCore.framework/Versions/A/AudioToolboxCore",
    "/System/Library/PrivateFrameworks/caulk.framework/Versions/A/caulk",
    "/System/Library/PrivateFrameworks/SystemPolicy.framework/Versions/A/SystemPolicy",
    "/usr/lib/libIOReport.dylib",
    "/usr/lib/libSMC.dylib",
    "/usr/lib/libAudioToolboxUtility.dylib",
    "/usr/lib/libmis.dylib",
    "/System/Library/Frameworks/OpenGL.framework/Versions/A/OpenGL",
    "/System/Library/Frameworks/OpenGL.framework/Versions/A/Libraries/libGLU.dylib",
    "/System/Library/Frameworks/OpenGL.framework/Versions/A/Libraries/libGFXShared.dylib",
    "/System/Library/Frameworks/OpenGL.framework/Versions/A/Libraries/libGL.dylib",
    "/System/Library/Frameworks/OpenGL.framework/Versions/A/Libraries/libGLImage.dylib",
    "/System/Library/Frameworks/OpenGL.framework/Versions/A/Libraries/libCVMSPluginSupport.dylib",
    "/System/Library/Frameworks/OpenGL.framework/Versions/A/Libraries/libCoreVMClient.dylib",
    "/System/Library/Frameworks/CoreImage.framework/Versions/A/CoreImage",
    "/System/Library/Frameworks/OpenCL.framework/Versions/A/OpenCL",
    "/System/Library/PrivateFrameworks/GraphVisualizer.framework/Versions/A/GraphVisualizer",
    "/System/Library/PrivateFrameworks/FaceCore.framework/Versions/A/FaceCore",
    "/System/Library/PrivateFrameworks/OTSVG.framework/Versions/A/OTSVG",
    "/System/Library/Frameworks/ApplicationServices.framework/Versions/A/Frameworks/ATS.framework/Versions/A/Resources/libFontRegistry.dylib",
    "/System/Library/PrivateFrameworks/FontServices.framework/libhvf.dylib",
    "/System/Library/PrivateFrameworks/AppleVA.framework/Versions/A/AppleVA",
    "/System/Library/Frameworks/ApplicationServices.framework/Versions/A/Frameworks/ATSUI.framework/Versions/A/ATSUI",
    "/usr/lib/libcups.2.dylib",
    "/System/Library/PrivateFrameworks/NetAuth.framework/Versions/A/NetAuth",
    "/System/Library/Frameworks/Kerberos.framework/Versions/A/Kerberos",
    "/System/Library/Frameworks/GSS.framework/Versions/A/GSS",
    "/usr/lib/libresolv.9.dylib",
    "/System/Library/PrivateFrameworks/Heimdal.framework/Versions/A/Heimdal",
    "/System/Library/Frameworks/Kerberos.framework/Versions/A/Libraries/libHeimdalProxy.dylib",
    "/System/Library/Frameworks/Network.framework/Versions/A/Network",
    "/usr/lib/libheimdal-asn1.dylib",
    "/System/Library/PrivateFrameworks/CommonAuth.framework/Versions/A/CommonAuth",
    "/System/Library/PrivateFrameworks/login.framework/Versions/A/Frameworks/loginsupport.framework/Versions/A/loginsupport",
    "/System/Library/Frameworks/AudioToolbox.framework/Versions/A/AudioToolbox",
    "/System/Library/PrivateFrameworks/AudioSession.framework/Versions/A/AudioSession",
    "/usr/lib/libAudioStatistics.dylib",
    "/System/Library/PrivateFrameworks/MediaExperience.framework/Versions/A/MediaExperience",
    "/System/Library/PrivateFrameworks/AudioSession.framework/libSessionUtility.dylib",
    "/usr/lib/libperfcheck.dylib",
    "/System/Library/PrivateFrameworks/AudioResourceArbitration.framework/Versions/A/AudioResourceArbitration",
    "/System/Library/Frameworks/CoreData.framework/Versions/A/CoreData",
    "/Users/tuyentran/Desktop/Advesa Work/EPDentalLanding/app/public/wp-content/plugins/EP-multi-step-form-for-apply/node_modules/fsevents/build/Release/fse.node"
  ]
}