{
    "wizard": {
        "title": "Application Verification",
        "steps": [
            {
                "title": "Question 1\/5",
                "headline": "For Adult Exam and Basic Cleaning with Free Teeth Whitening",
                "copy_text": "Thank you for applying! Please take some time to complete these following questions to continue your booking.",
                "parts": [
                    {
                        "title": "Question 1\/5",
                        "blocks": [
                            {
                                "type": "radio",
                                "elements": [
                                    {
                                        "type": "header",
                                        "value": "Do you currently have dental coverage?"
                                    },
                                    {
                                        "type": "option",
                                        "value": "Yes"
                                    },
                                    {
                                        "type": "option",
                                        "value": "No"
                                    }
                                ],
                                "required": "true",
                                "multichoice": "false",
                                "fullwidth": "true",
                                "tooltipcontent": ""
                            }
                        ],
                        "settingColumn": "one-column",
                        "directionColumn": "row",
                        "customID": "",
                        "customClass": ""
                    }
                ],
                "settingColumn": [
                    {
                        "title": "Question 1\/5",
                        "blocks": [
                            {
                                "type": "radio",
                                "elements": [
                                    {
                                        "type": "header",
                                        "value": "Do you currently have dental coverage?"
                                    },
                                    {
                                        "type": "option",
                                        "value": "Yes"
                                    },
                                    {
                                        "type": "option",
                                        "value": "No"
                                    }
                                ],
                                "required": "true",
                                "multichoice": "false",
                                "fullwidth": "true",
                                "tooltipcontent": ""
                            }
                        ],
                        "settingColumn": "one-column",
                        "directionColumn": "row",
                        "customID": "",
                        "customClass": ""
                    }
                ],
                "directionColumn": [
                    {
                        "title": "Question 1\/5",
                        "blocks": [
                            {
                                "type": "radio",
                                "elements": [
                                    {
                                        "type": "header",
                                        "value": "Do you currently have dental coverage?"
                                    },
                                    {
                                        "type": "option",
                                        "value": "Yes"
                                    },
                                    {
                                        "type": "option",
                                        "value": "No"
                                    }
                                ],
                                "required": "true",
                                "multichoice": "false",
                                "fullwidth": "true",
                                "tooltipcontent": ""
                            }
                        ],
                        "settingColumn": "one-column",
                        "directionColumn": "row",
                        "customID": "",
                        "customClass": ""
                    }
                ],
                "customID": [
                    {
                        "title": "Question 1\/5",
                        "blocks": [
                            {
                                "type": "radio",
                                "elements": [
                                    {
                                        "type": "header",
                                        "value": "Do you currently have dental coverage?"
                                    },
                                    {
                                        "type": "option",
                                        "value": "Yes"
                                    },
                                    {
                                        "type": "option",
                                        "value": "No"
                                    }
                                ],
                                "required": "true",
                                "multichoice": "false",
                                "fullwidth": "true",
                                "tooltipcontent": ""
                            }
                        ],
                        "settingColumn": "one-column",
                        "directionColumn": "row",
                        "customID": "",
                        "customClass": ""
                    }
                ],
                "customClass": [
                    {
                        "title": "Question 1\/5",
                        "blocks": [
                            {
                                "type": "radio",
                                "elements": [
                                    {
                                        "type": "header",
                                        "value": "Do you currently have dental coverage?"
                                    },
                                    {
                                        "type": "option",
                                        "value": "Yes"
                                    },
                                    {
                                        "type": "option",
                                        "value": "No"
                                    }
                                ],
                                "required": "true",
                                "multichoice": "false",
                                "fullwidth": "true",
                                "tooltipcontent": ""
                            }
                        ],
                        "settingColumn": "one-column",
                        "directionColumn": "row",
                        "customID": "",
                        "customClass": ""
                    }
                ]
            },
            {
                "title": "Question 2\/5",
                "headline": "For Adult Exam and Basic Cleaning with Free Teeth Whitening",
                "copy_text": "Thank you for applying! Please take some time to complete these following questions to continue your booking.",
                "parts": [
                    {
                        "title": "Question 2\/5",
                        "blocks": [
                            {
                                "type": "radio",
                                "elements": [
                                    {
                                        "type": "header",
                                        "value": "How long have you worked at your current position?"
                                    },
                                    {
                                        "type": "option",
                                        "value": "Less than 1 year"
                                    },
                                    {
                                        "type": "option",
                                        "value": "1-3 years"
                                    },
                                    {
                                        "type": "option",
                                        "value": "3-5 years"
                                    },
                                    {
                                        "type": "option",
                                        "value": "5 years or more"
                                    }
                                ],
                                "required": "true",
                                "multichoice": "false",
                                "fullwidth": "true",
                                "tooltipcontent": ""
                            }
                        ],
                        "settingColumn": "one-column",
                        "directionColumn": "row",
                        "customID": "",
                        "customClass": ""
                    }
                ],
                "settingColumn": [
                    {
                        "title": "Question 2\/5",
                        "blocks": [
                            {
                                "type": "radio",
                                "elements": [
                                    {
                                        "type": "header",
                                        "value": "How long have you worked at your current position?"
                                    },
                                    {
                                        "type": "option",
                                        "value": "Less than 1 year"
                                    },
                                    {
                                        "type": "option",
                                        "value": "1-3 years"
                                    },
                                    {
                                        "type": "option",
                                        "value": "3-5 years"
                                    },
                                    {
                                        "type": "option",
                                        "value": "5 years or more"
                                    }
                                ],
                                "required": "true",
                                "multichoice": "false",
                                "fullwidth": "true",
                                "tooltipcontent": ""
                            }
                        ],
                        "settingColumn": "one-column",
                        "directionColumn": "row",
                        "customID": "",
                        "customClass": ""
                    }
                ],
                "directionColumn": [
                    {
                        "title": "Question 2\/5",
                        "blocks": [
                            {
                                "type": "radio",
                                "elements": [
                                    {
                                        "type": "header",
                                        "value": "How long have you worked at your current position?"
                                    },
                                    {
                                        "type": "option",
                                        "value": "Less than 1 year"
                                    },
                                    {
                                        "type": "option",
                                        "value": "1-3 years"
                                    },
                                    {
                                        "type": "option",
                                        "value": "3-5 years"
                                    },
                                    {
                                        "type": "option",
                                        "value": "5 years or more"
                                    }
                                ],
                                "required": "true",
                                "multichoice": "false",
                                "fullwidth": "true",
                                "tooltipcontent": ""
                            }
                        ],
                        "settingColumn": "one-column",
                        "directionColumn": "row",
                        "customID": "",
                        "customClass": ""
                    }
                ],
                "customID": [
                    {
                        "title": "Question 2\/5",
                        "blocks": [
                            {
                                "type": "radio",
                                "elements": [
                                    {
                                        "type": "header",
                                        "value": "How long have you worked at your current position?"
                                    },
                                    {
                                        "type": "option",
                                        "value": "Less than 1 year"
                                    },
                                    {
                                        "type": "option",
                                        "value": "1-3 years"
                                    },
                                    {
                                        "type": "option",
                                        "value": "3-5 years"
                                    },
                                    {
                                        "type": "option",
                                        "value": "5 years or more"
                                    }
                                ],
                                "required": "true",
                                "multichoice": "false",
                                "fullwidth": "true",
                                "tooltipcontent": ""
                            }
                        ],
                        "settingColumn": "one-column",
                        "directionColumn": "row",
                        "customID": "",
                        "customClass": ""
                    }
                ],
                "customClass": [
                    {
                        "title": "Question 2\/5",
                        "blocks": [
                            {
                                "type": "radio",
                                "elements": [
                                    {
                                        "type": "header",
                                        "value": "How long have you worked at your current position?"
                                    },
                                    {
                                        "type": "option",
                                        "value": "Less than 1 year"
                                    },
                                    {
                                        "type": "option",
                                        "value": "1-3 years"
                                    },
                                    {
                                        "type": "option",
                                        "value": "3-5 years"
                                    },
                                    {
                                        "type": "option",
                                        "value": "5 years or more"
                                    }
                                ],
                                "required": "true",
                                "multichoice": "false",
                                "fullwidth": "true",
                                "tooltipcontent": ""
                            }
                        ],
                        "settingColumn": "one-column",
                        "directionColumn": "row",
                        "customID": "",
                        "customClass": ""
                    }
                ]
            },
            {
                "title": "Question 3\/5",
                "headline": "For Adult Exam and Basic Cleaning with Free Teeth Whitening",
                "copy_text": "Thank you for applying! Please take some time to complete these following questions to continue your booking.",
                "parts": [
                    {
                        "title": "Question 3\/5",
                        "blocks": [
                            {
                                "type": "text",
                                "label": "What is your monthly Net income?",
                                "placeholder": "",
                                "required": "true",
                                "fullwidth": "true",
                                "tooltipcontent": ""
                            }
                        ],
                        "settingColumn": "one-column",
                        "directionColumn": "row",
                        "customID": "",
                        "customClass": ""
                    }
                ],
                "settingColumn": [
                    {
                        "title": "Question 3\/5",
                        "blocks": [
                            {
                                "type": "text",
                                "label": "What is your monthly Net income?",
                                "placeholder": "",
                                "required": "true",
                                "fullwidth": "true",
                                "tooltipcontent": ""
                            }
                        ],
                        "settingColumn": "one-column",
                        "directionColumn": "row",
                        "customID": "",
                        "customClass": ""
                    }
                ],
                "directionColumn": [
                    {
                        "title": "Question 3\/5",
                        "blocks": [
                            {
                                "type": "text",
                                "label": "What is your monthly Net income?",
                                "placeholder": "",
                                "required": "true",
                                "fullwidth": "true",
                                "tooltipcontent": ""
                            }
                        ],
                        "settingColumn": "one-column",
                        "directionColumn": "row",
                        "customID": "",
                        "customClass": ""
                    }
                ],
                "customID": [
                    {
                        "title": "Question 3\/5",
                        "blocks": [
                            {
                                "type": "text",
                                "label": "What is your monthly Net income?",
                                "placeholder": "",
                                "required": "true",
                                "fullwidth": "true",
                                "tooltipcontent": ""
                            }
                        ],
                        "settingColumn": "one-column",
                        "directionColumn": "row",
                        "customID": "",
                        "customClass": ""
                    }
                ],
                "customClass": [
                    {
                        "title": "Question 3\/5",
                        "blocks": [
                            {
                                "type": "text",
                                "label": "What is your monthly Net income?",
                                "placeholder": "",
                                "required": "true",
                                "fullwidth": "true",
                                "tooltipcontent": ""
                            }
                        ],
                        "settingColumn": "one-column",
                        "directionColumn": "row",
                        "customID": "",
                        "customClass": ""
                    }
                ]
            },
            {
                "title": "Question 4\/5",
                "headline": "For Adult Exam and Basic Cleaning with Free Teeth Whitening",
                "copy_text": "Thank you for applying! Please take some time to complete these following questions to continue your booking.",
                "parts": [
                    {
                        "title": "Question 4\/5",
                        "blocks": [
                            {
                                "type": "radio",
                                "elements": [
                                    {
                                        "type": "header",
                                        "value": "Do you currently rent or own your property?"
                                    },
                                    {
                                        "type": "option",
                                        "value": "Rent"
                                    },
                                    {
                                        "type": "option",
                                        "value": "Own"
                                    }
                                ],
                                "required": "true",
                                "multichoice": "false",
                                "fullwidth": "true",
                                "tooltipcontent": ""
                            }
                        ],
                        "settingColumn": "one-column",
                        "directionColumn": "row",
                        "customID": "",
                        "customClass": ""
                    }
                ],
                "settingColumn": [
                    {
                        "title": "Question 4\/5",
                        "blocks": [
                            {
                                "type": "radio",
                                "elements": [
                                    {
                                        "type": "header",
                                        "value": "Do you currently rent or own your property?"
                                    },
                                    {
                                        "type": "option",
                                        "value": "Rent"
                                    },
                                    {
                                        "type": "option",
                                        "value": "Own"
                                    }
                                ],
                                "required": "true",
                                "multichoice": "false",
                                "fullwidth": "true",
                                "tooltipcontent": ""
                            }
                        ],
                        "settingColumn": "one-column",
                        "directionColumn": "row",
                        "customID": "",
                        "customClass": ""
                    }
                ],
                "directionColumn": [
                    {
                        "title": "Question 4\/5",
                        "blocks": [
                            {
                                "type": "radio",
                                "elements": [
                                    {
                                        "type": "header",
                                        "value": "Do you currently rent or own your property?"
                                    },
                                    {
                                        "type": "option",
                                        "value": "Rent"
                                    },
                                    {
                                        "type": "option",
                                        "value": "Own"
                                    }
                                ],
                                "required": "true",
                                "multichoice": "false",
                                "fullwidth": "true",
                                "tooltipcontent": ""
                            }
                        ],
                        "settingColumn": "one-column",
                        "directionColumn": "row",
                        "customID": "",
                        "customClass": ""
                    }
                ],
                "customID": [
                    {
                        "title": "Question 4\/5",
                        "blocks": [
                            {
                                "type": "radio",
                                "elements": [
                                    {
                                        "type": "header",
                                        "value": "Do you currently rent or own your property?"
                                    },
                                    {
                                        "type": "option",
                                        "value": "Rent"
                                    },
                                    {
                                        "type": "option",
                                        "value": "Own"
                                    }
                                ],
                                "required": "true",
                                "multichoice": "false",
                                "fullwidth": "true",
                                "tooltipcontent": ""
                            }
                        ],
                        "settingColumn": "one-column",
                        "directionColumn": "row",
                        "customID": "",
                        "customClass": ""
                    }
                ],
                "customClass": [
                    {
                        "title": "Question 4\/5",
                        "blocks": [
                            {
                                "type": "radio",
                                "elements": [
                                    {
                                        "type": "header",
                                        "value": "Do you currently rent or own your property?"
                                    },
                                    {
                                        "type": "option",
                                        "value": "Rent"
                                    },
                                    {
                                        "type": "option",
                                        "value": "Own"
                                    }
                                ],
                                "required": "true",
                                "multichoice": "false",
                                "fullwidth": "true",
                                "tooltipcontent": ""
                            }
                        ],
                        "settingColumn": "one-column",
                        "directionColumn": "row",
                        "customID": "",
                        "customClass": ""
                    }
                ]
            },
            {
                "title": "Question 5\/5",
                "headline": "For Adult Exam and Basic Cleaning with Free Teeth Whitening",
                "copy_text": "Thank you for applying! Please take some time to complete these following questions to continue your booking.",
                "parts": [
                    {
                        "title": "Question 5\/5",
                        "blocks": [
                            {
                                "type": "date",
                                "label": "What is your Date of Birth?",
                                "required": "true",
                                "format": "mm\/dd\/yy",
                                "fullwidth": "true"
                            }
                        ],
                        "settingColumn": "one-column",
                        "directionColumn": "row",
                        "customID": "",
                        "customClass": ""
                    }
                ],
                "settingColumn": [
                    {
                        "title": "Question 5\/5",
                        "blocks": [
                            {
                                "type": "date",
                                "label": "What is your Date of Birth?",
                                "required": "true",
                                "format": "mm\/dd\/yy",
                                "fullwidth": "true"
                            }
                        ],
                        "settingColumn": "one-column",
                        "directionColumn": "row",
                        "customID": "",
                        "customClass": ""
                    }
                ],
                "directionColumn": [
                    {
                        "title": "Question 5\/5",
                        "blocks": [
                            {
                                "type": "date",
                                "label": "What is your Date of Birth?",
                                "required": "true",
                                "format": "mm\/dd\/yy",
                                "fullwidth": "true"
                            }
                        ],
                        "settingColumn": "one-column",
                        "directionColumn": "row",
                        "customID": "",
                        "customClass": ""
                    }
                ],
                "customID": [
                    {
                        "title": "Question 5\/5",
                        "blocks": [
                            {
                                "type": "date",
                                "label": "What is your Date of Birth?",
                                "required": "true",
                                "format": "mm\/dd\/yy",
                                "fullwidth": "true"
                            }
                        ],
                        "settingColumn": "one-column",
                        "directionColumn": "row",
                        "customID": "",
                        "customClass": ""
                    }
                ],
                "customClass": [
                    {
                        "title": "Question 5\/5",
                        "blocks": [
                            {
                                "type": "date",
                                "label": "What is your Date of Birth?",
                                "required": "true",
                                "format": "mm\/dd\/yy",
                                "fullwidth": "true"
                            }
                        ],
                        "settingColumn": "one-column",
                        "directionColumn": "row",
                        "customID": "",
                        "customClass": ""
                    }
                ]
            },
            {
                "title": "Congratulations!",
                "headline": "Please fill in your information and complete booking your appointment.",
                "copy_text": "",
                "parts": [
                    {
                        "title": "Name",
                        "blocks": [
                            {
                                "type": "text",
                                "label": "First Name",
                                "placeholder": "",
                                "required": "false",
                                "fullwidth": "true",
                                "tooltipcontent": ""
                            },
                            {
                                "type": "text",
                                "label": "Last Name",
                                "placeholder": "",
                                "required": "false",
                                "fullwidth": "true",
                                "tooltipcontent": ""
                            }
                        ],
                        "settingColumn": "two-column",
                        "directionColumn": "row",
                        "customID": "",
                        "customClass": ""
                    },
                    {
                        "title": "Email and Phone",
                        "blocks": [
                            {
                                "type": "email",
                                "label": "Email",
                                "placeholder": "",
                                "required": "false",
                                "fullwidth": "true",
                                "tooltipcontent": ""
                            },
                            {
                                "type": "numeric",
                                "label": "Phone",
                                "placeholder": "",
                                "required": "false",
                                "minimum": "",
                                "maximum": "",
                                "fullwidth": "true",
                                "tooltipcontent": ""
                            }
                        ],
                        "settingColumn": "two-column",
                        "directionColumn": "row",
                        "customID": "",
                        "customClass": ""
                    },
                    {
                        "title": "Help",
                        "blocks": [
                            {
                                "type": "text",
                                "label": "How may we help you?*",
                                "placeholder": "",
                                "required": "false",
                                "fullwidth": "true",
                                "tooltipcontent": ""
                            },
                            {
                                "type": "text",
                                "label": "Address",
                                "placeholder": "",
                                "required": "false",
                                "fullwidth": "true",
                                "tooltipcontent": ""
                            }
                        ],
                        "settingColumn": "one-column",
                        "directionColumn": "row",
                        "customID": "",
                        "customClass": ""
                    },
                    {
                        "title": "Address",
                        "blocks": [
                            {
                                "type": "text",
                                "label": "City",
                                "placeholder": "",
                                "required": "true",
                                "fullwidth": "false",
                                "tooltipcontent": ""
                            },
                            {
                                "type": "text",
                                "label": "Province",
                                "placeholder": "",
                                "required": "true",
                                "fullwidth": "false",
                                "tooltipcontent": ""
                            },
                            {
                                "type": "text",
                                "label": "Postal code",
                                "placeholder": "",
                                "required": "true",
                                "fullwidth": "false",
                                "tooltipcontent": ""
                            },
                            {
                                "type": "text",
                                "label": "Country",
                                "placeholder": "",
                                "required": "true",
                                "fullwidth": "false",
                                "tooltipcontent": ""
                            }
                        ],
                        "settingColumn": "two-column",
                        "directionColumn": "row",
                        "customID": "",
                        "customClass": ""
                    },
                    {
                        "title": "Custom services choose",
                        "blocks": [
                            {
                                "type": "services",
                                "label": "Services"
                            }
                        ],
                        "settingColumn": "three-column",
                        "directionColumn": "row",
                        "customID": "",
                        "customClass": ""
                    }
                ],
                "settingColumn": [
                    {
                        "title": "Name",
                        "blocks": [
                            {
                                "type": "text",
                                "label": "First Name",
                                "placeholder": "",
                                "required": "false",
                                "fullwidth": "true",
                                "tooltipcontent": ""
                            },
                            {
                                "type": "text",
                                "label": "Last Name",
                                "placeholder": "",
                                "required": "false",
                                "fullwidth": "true",
                                "tooltipcontent": ""
                            }
                        ],
                        "settingColumn": "two-column",
                        "directionColumn": "row",
                        "customID": "",
                        "customClass": ""
                    },
                    {
                        "title": "Email and Phone",
                        "blocks": [
                            {
                                "type": "email",
                                "label": "Email",
                                "placeholder": "",
                                "required": "false",
                                "fullwidth": "true",
                                "tooltipcontent": ""
                            },
                            {
                                "type": "numeric",
                                "label": "Phone",
                                "placeholder": "",
                                "required": "false",
                                "minimum": "",
                                "maximum": "",
                                "fullwidth": "true",
                                "tooltipcontent": ""
                            }
                        ],
                        "settingColumn": "two-column",
                        "directionColumn": "row",
                        "customID": "",
                        "customClass": ""
                    },
                    {
                        "title": "Help",
                        "blocks": [
                            {
                                "type": "text",
                                "label": "How may we help you?*",
                                "placeholder": "",
                                "required": "false",
                                "fullwidth": "true",
                                "tooltipcontent": ""
                            },
                            {
                                "type": "text",
                                "label": "Address",
                                "placeholder": "",
                                "required": "false",
                                "fullwidth": "true",
                                "tooltipcontent": ""
                            }
                        ],
                        "settingColumn": "one-column",
                        "directionColumn": "row",
                        "customID": "",
                        "customClass": ""
                    },
                    {
                        "title": "Address",
                        "blocks": [
                            {
                                "type": "text",
                                "label": "City",
                                "placeholder": "",
                                "required": "true",
                                "fullwidth": "false",
                                "tooltipcontent": ""
                            },
                            {
                                "type": "text",
                                "label": "Province",
                                "placeholder": "",
                                "required": "true",
                                "fullwidth": "false",
                                "tooltipcontent": ""
                            },
                            {
                                "type": "text",
                                "label": "Postal code",
                                "placeholder": "",
                                "required": "true",
                                "fullwidth": "false",
                                "tooltipcontent": ""
                            },
                            {
                                "type": "text",
                                "label": "Country",
                                "placeholder": "",
                                "required": "true",
                                "fullwidth": "false",
                                "tooltipcontent": ""
                            }
                        ],
                        "settingColumn": "two-column",
                        "directionColumn": "row",
                        "customID": "",
                        "customClass": ""
                    },
                    {
                        "title": "Custom services choose",
                        "blocks": [
                            {
                                "type": "services",
                                "label": "Services"
                            }
                        ],
                        "settingColumn": "three-column",
                        "directionColumn": "row",
                        "customID": "",
                        "customClass": ""
                    }
                ],
                "directionColumn": [
                    {
                        "title": "Name",
                        "blocks": [
                            {
                                "type": "text",
                                "label": "First Name",
                                "placeholder": "",
                                "required": "false",
                                "fullwidth": "true",
                                "tooltipcontent": ""
                            },
                            {
                                "type": "text",
                                "label": "Last Name",
                                "placeholder": "",
                                "required": "false",
                                "fullwidth": "true",
                                "tooltipcontent": ""
                            }
                        ],
                        "settingColumn": "two-column",
                        "directionColumn": "row",
                        "customID": "",
                        "customClass": ""
                    },
                    {
                        "title": "Email and Phone",
                        "blocks": [
                            {
                                "type": "email",
                                "label": "Email",
                                "placeholder": "",
                                "required": "false",
                                "fullwidth": "true",
                                "tooltipcontent": ""
                            },
                            {
                                "type": "numeric",
                                "label": "Phone",
                                "placeholder": "",
                                "required": "false",
                                "minimum": "",
                                "maximum": "",
                                "fullwidth": "true",
                                "tooltipcontent": ""
                            }
                        ],
                        "settingColumn": "two-column",
                        "directionColumn": "row",
                        "customID": "",
                        "customClass": ""
                    },
                    {
                        "title": "Help",
                        "blocks": [
                            {
                                "type": "text",
                                "label": "How may we help you?*",
                                "placeholder": "",
                                "required": "false",
                                "fullwidth": "true",
                                "tooltipcontent": ""
                            },
                            {
                                "type": "text",
                                "label": "Address",
                                "placeholder": "",
                                "required": "false",
                                "fullwidth": "true",
                                "tooltipcontent": ""
                            }
                        ],
                        "settingColumn": "one-column",
                        "directionColumn": "row",
                        "customID": "",
                        "customClass": ""
                    },
                    {
                        "title": "Address",
                        "blocks": [
                            {
                                "type": "text",
                                "label": "City",
                                "placeholder": "",
                                "required": "true",
                                "fullwidth": "false",
                                "tooltipcontent": ""
                            },
                            {
                                "type": "text",
                                "label": "Province",
                                "placeholder": "",
                                "required": "true",
                                "fullwidth": "false",
                                "tooltipcontent": ""
                            },
                            {
                                "type": "text",
                                "label": "Postal code",
                                "placeholder": "",
                                "required": "true",
                                "fullwidth": "false",
                                "tooltipcontent": ""
                            },
                            {
                                "type": "text",
                                "label": "Country",
                                "placeholder": "",
                                "required": "true",
                                "fullwidth": "false",
                                "tooltipcontent": ""
                            }
                        ],
                        "settingColumn": "two-column",
                        "directionColumn": "row",
                        "customID": "",
                        "customClass": ""
                    },
                    {
                        "title": "Custom services choose",
                        "blocks": [
                            {
                                "type": "services",
                                "label": "Services"
                            }
                        ],
                        "settingColumn": "three-column",
                        "directionColumn": "row",
                        "customID": "",
                        "customClass": ""
                    }
                ],
                "customID": [
                    {
                        "title": "Name",
                        "blocks": [
                            {
                                "type": "text",
                                "label": "First Name",
                                "placeholder": "",
                                "required": "false",
                                "fullwidth": "true",
                                "tooltipcontent": ""
                            },
                            {
                                "type": "text",
                                "label": "Last Name",
                                "placeholder": "",
                                "required": "false",
                                "fullwidth": "true",
                                "tooltipcontent": ""
                            }
                        ],
                        "settingColumn": "two-column",
                        "directionColumn": "row",
                        "customID": "",
                        "customClass": ""
                    },
                    {
                        "title": "Email and Phone",
                        "blocks": [
                            {
                                "type": "email",
                                "label": "Email",
                                "placeholder": "",
                                "required": "false",
                                "fullwidth": "true",
                                "tooltipcontent": ""
                            },
                            {
                                "type": "numeric",
                                "label": "Phone",
                                "placeholder": "",
                                "required": "false",
                                "minimum": "",
                                "maximum": "",
                                "fullwidth": "true",
                                "tooltipcontent": ""
                            }
                        ],
                        "settingColumn": "two-column",
                        "directionColumn": "row",
                        "customID": "",
                        "customClass": ""
                    },
                    {
                        "title": "Help",
                        "blocks": [
                            {
                                "type": "text",
                                "label": "How may we help you?*",
                                "placeholder": "",
                                "required": "false",
                                "fullwidth": "true",
                                "tooltipcontent": ""
                            },
                            {
                                "type": "text",
                                "label": "Address",
                                "placeholder": "",
                                "required": "false",
                                "fullwidth": "true",
                                "tooltipcontent": ""
                            }
                        ],
                        "settingColumn": "one-column",
                        "directionColumn": "row",
                        "customID": "",
                        "customClass": ""
                    },
                    {
                        "title": "Address",
                        "blocks": [
                            {
                                "type": "text",
                                "label": "City",
                                "placeholder": "",
                                "required": "true",
                                "fullwidth": "false",
                                "tooltipcontent": ""
                            },
                            {
                                "type": "text",
                                "label": "Province",
                                "placeholder": "",
                                "required": "true",
                                "fullwidth": "false",
                                "tooltipcontent": ""
                            },
                            {
                                "type": "text",
                                "label": "Postal code",
                                "placeholder": "",
                                "required": "true",
                                "fullwidth": "false",
                                "tooltipcontent": ""
                            },
                            {
                                "type": "text",
                                "label": "Country",
                                "placeholder": "",
                                "required": "true",
                                "fullwidth": "false",
                                "tooltipcontent": ""
                            }
                        ],
                        "settingColumn": "two-column",
                        "directionColumn": "row",
                        "customID": "",
                        "customClass": ""
                    },
                    {
                        "title": "Custom services choose",
                        "blocks": [
                            {
                                "type": "services",
                                "label": "Services"
                            }
                        ],
                        "settingColumn": "three-column",
                        "directionColumn": "row",
                        "customID": "",
                        "customClass": ""
                    }
                ],
                "customClass": [
                    {
                        "title": "Name",
                        "blocks": [
                            {
                                "type": "text",
                                "label": "First Name",
                                "placeholder": "",
                                "required": "false",
                                "fullwidth": "true",
                                "tooltipcontent": ""
                            },
                            {
                                "type": "text",
                                "label": "Last Name",
                                "placeholder": "",
                                "required": "false",
                                "fullwidth": "true",
                                "tooltipcontent": ""
                            }
                        ],
                        "settingColumn": "two-column",
                        "directionColumn": "row",
                        "customID": "",
                        "customClass": ""
                    },
                    {
                        "title": "Email and Phone",
                        "blocks": [
                            {
                                "type": "email",
                                "label": "Email",
                                "placeholder": "",
                                "required": "false",
                                "fullwidth": "true",
                                "tooltipcontent": ""
                            },
                            {
                                "type": "numeric",
                                "label": "Phone",
                                "placeholder": "",
                                "required": "false",
                                "minimum": "",
                                "maximum": "",
                                "fullwidth": "true",
                                "tooltipcontent": ""
                            }
                        ],
                        "settingColumn": "two-column",
                        "directionColumn": "row",
                        "customID": "",
                        "customClass": ""
                    },
                    {
                        "title": "Help",
                        "blocks": [
                            {
                                "type": "text",
                                "label": "How may we help you?*",
                                "placeholder": "",
                                "required": "false",
                                "fullwidth": "true",
                                "tooltipcontent": ""
                            },
                            {
                                "type": "text",
                                "label": "Address",
                                "placeholder": "",
                                "required": "false",
                                "fullwidth": "true",
                                "tooltipcontent": ""
                            }
                        ],
                        "settingColumn": "one-column",
                        "directionColumn": "row",
                        "customID": "",
                        "customClass": ""
                    },
                    {
                        "title": "Address",
                        "blocks": [
                            {
                                "type": "text",
                                "label": "City",
                                "placeholder": "",
                                "required": "true",
                                "fullwidth": "false",
                                "tooltipcontent": ""
                            },
                            {
                                "type": "text",
                                "label": "Province",
                                "placeholder": "",
                                "required": "true",
                                "fullwidth": "false",
                                "tooltipcontent": ""
                            },
                            {
                                "type": "text",
                                "label": "Postal code",
                                "placeholder": "",
                                "required": "true",
                                "fullwidth": "false",
                                "tooltipcontent": ""
                            },
                            {
                                "type": "text",
                                "label": "Country",
                                "placeholder": "",
                                "required": "true",
                                "fullwidth": "false",
                                "tooltipcontent": ""
                            }
                        ],
                        "settingColumn": "two-column",
                        "directionColumn": "row",
                        "customID": "",
                        "customClass": ""
                    },
                    {
                        "title": "Custom services choose",
                        "blocks": [
                            {
                                "type": "services",
                                "label": "Services"
                            }
                        ],
                        "settingColumn": "three-column",
                        "directionColumn": "row",
                        "customID": "",
                        "customClass": ""
                    }
                ]
            }
        ],
        "settings": {
            "thankyouAction": "show-thankyou-message",
            "thankyouMessageHeadding": "Thank you for booking with us",
            "thankyouMessageDescription": "A representative will be in contact with you within 24-48 hours.",
            "thankyouMessageButtonTitle": "Back to Home",
            "thankyou": "https:\/\/wordpress-554361-1782427.cloudwaysapps.com\/thank-you\/",
            "submitTitle": "",
            "backTitle": "",
            "nextTitle": "",
            "to": "josh.young@advesa.com",
            "frommail": "eptestsmtpacc@gmail.com",
            "fromname": "Application Verification",
            "subject": "Application Verification",
            "header": "",
            "headers": "",
            "replyto": "no-reply",
            "usercopy": "Email",
            "optin": "no-optin",
            "optin_success": "",
            "replacements": "off"
        }
    }
}