{
    "title": "Application Verification",
    "steps": [
        {
            "title": "Question 1\/5",
            "headline": "For Adult Exam and Basic Cleaning with Free Teeth Whitening",
            "copy_text": "Thank you for applying! Please take some time to complete these following questions to continue your booking.",
            "parts": [
                {
                    "title": "Question 1\/5",
                    "blocks": [
                        {
                            "type": "radio",
                            "elements": [
                                {
                                    "type": "header",
                                    "value": "Do you currently have dental coverage?"
                                },
                                {
                                    "type": "option",
                                    "value": "Yes"
                                },
                                {
                                    "type": "option",
                                    "value": "No"
                                }
                            ],
                            "required": "true",
                            "multichoice": "false",
                            "fullwidth": "true"
                        }
                    ]
                }
            ]
        },
        {
            "title": "Question 2\/5",
            "headline": "For Adult Exam and Basic Cleaning with Free Teeth Whitening",
            "copy_text": "Thank you for applying! Please take some time to complete these following questions to continue your booking.",
            "parts": [
                {
                    "title": "Question 2\/5",
                    "blocks": [
                        {
                            "type": "radio",
                            "elements": [
                                {
                                    "type": "header",
                                    "value": "How long have you worked at your current position?"
                                },
                                {
                                    "type": "option",
                                    "value": "Less than 1 year"
                                },
                                {
                                    "type": "option",
                                    "value": "1-3 years"
                                },
                                {
                                    "type": "option",
                                    "value": "3-5 years"
                                },
                                {
                                    "type": "option",
                                    "value": "5 years or more"
                                }
                            ],
                            "required": "true",
                            "multichoice": "false",
                            "fullwidth": "true"
                        }
                    ]
                }
            ]
        },
        {
            "title": "Question 3\/5",
            "headline": "For Adult Exam and Basic Cleaning with Free Teeth Whitening",
            "copy_text": "Thank you for applying! Please take some time to complete these following questions to continue your booking.",
            "parts": [
                {
                    "title": "Question 3\/5",
                    "blocks": [
                        {
                            "type": "text",
                            "label": "What is your monthly Net income?",
                            "labelplaceholder": "My monthly net income is",
                            "required": "true",
                            "fullwidth": "true"
                        }
                    ]
                }
            ]
        },
        {
            "title": "Question 4\/5",
            "headline": "For Adult Exam and Basic Cleaning with Free Teeth Whitening",
            "copy_text": "Thank you for applying! Please take some time to complete these following questions to continue your booking.",
            "parts": [
                {
                    "title": "Question 4\/5",
                    "blocks": [
                        {
                            "type": "radio",
                            "elements": [
                                {
                                    "type": "header",
                                    "value": "Do you currently rent or own your property?"
                                },
                                {
                                    "type": "option",
                                    "value": "Rent"
                                },
                                {
                                    "type": "option",
                                    "value": "Own"
                                }
                            ],
                            "required": "true",
                            "multichoice": "false",
                            "fullwidth": "true"
                        }
                    ]
                }
            ]
        },
        {
            "title": "Question 5\/5",
            "headline": "For Adult Exam and Basic Cleaning with Free Teeth Whitening",
            "copy_text": "Thank you for applying! Please take some time to complete these following questions to continue your booking.",
            "parts": [
                {
                    "title": "Question 5\/5",
                    "blocks": [
                        {
                            "type": "date",
                            "label": "What is your Date of Birth?",
                            "required": "true",
                            "format": "mm\/dd\/yy",
                            "fullwidth": "true"
                        }
                    ]
                }
            ]
        },
        {
            "title": "Congratulations!",
            "headline": "Please fill in your information and complete booking your appointment.",
            "copy_text": "",
            "parts": [
                {
                    "title": "Name",
                    "blocks": [
                        {
                            "type": "text",
                            "label": "First Name",
                            "labelplaceholder": "",
                            "required": "true",
                            "fullwidth": "false"
                        },
                        {
                            "type": "text",
                            "label": "Last Name",
                            "labelplaceholder": "",
                            "required": "true",
                            "fullwidth": "false"
                        }
                    ]
                },
                {
                    "title": "Age and Phone",
                    "blocks": [
                        {
                            "type": "email",
                            "label": "Email",
                            "labelplaceholder": "",
                            "required": "true",
                            "fullwidth": "false"
                        },
                        {
                            "type": "numeric",
                            "label": "Phone",
                            "labelplaceholder": "",
                            "required": "false",
                            "minimum": "",
                            "maximum": "",
                            "fullwidth": "false"
                        }
                    ]
                },
                {
                    "title": "Help",
                    "blocks": [
                        {
                            "type": "text",
                            "label": "How may we help you?*",
                            "labelplaceholder": "",
                            "required": "true",
                            "fullwidth": "false"
                        }
                    ]
                },
                {
                    "title": "Address",
                    "blocks": [
                        {
                            "type": "text",
                            "label": "Address",
                            "labelplaceholder": "",
                            "required": "false",
                            "fullwidth": "true"
                        }
                    ]
                },
                {
                    "title": "Address",
                    "blocks": [
                        {
                            "type": "text",
                            "label": "City",
                            "labelplaceholder": "",
                            "required": "false",
                            "fullwidth": "false"
                        },
                        {
                            "type": "text",
                            "label": "Province",
                            "labelplaceholder": "",
                            "required": "false",
                            "fullwidth": "false"
                        },
                        {
                            "type": "text",
                            "label": "Postal code",
                            "labelplaceholder": "",
                            "required": "false",
                            "fullwidth": "false"
                        },
                        {
                            "type": "text",
                            "label": "Country",
                            "labelplaceholder": "",
                            "required": "false",
                            "fullwidth": "false"
                        }
                    ]
                },
                {
                    "title": "Custom services choose",
                    "blocks": [
                        {
                            "type": "services",
                            "label": "Services"
                        }
                    ]
                }
            ]
        }
    ],
    "settings": {
        "thankyou": "https:\/\/wordpress-554361-1782427.cloudwaysapps.com\/thank-you\/",
        "to": "josh.young@advesa.com",
        "frommail": "eptestsmtpacc@gmail.com",
        "fromname": "Application Verification",
        "subject": "Application Verification",
        "header": "",
        "headers": "",
        "replyto": "no-reply",
        "usercopy": "Email",
        "optin": "no-optin",
        "optin_success": "",
        "replacements": "off"
    }
    
}